seqID,patternName,pattern,strand,start,end,matched,NGG,new_header,distance,StrainID
Hflu_86_028NP_ctg1,Probe_1,CCGCCACTATTATTTGTAAANGG,+,15292,15314,CCGCCACTATTATTTGTAAAAGG,AGG,Probe_1_AGG,249,Hflu_86_028NP
Hflu_86_028NP_ctg1,Probe_2,GATAATCTTTGATGTTTAGANGG,-,15541,15563,GATAATCTTTGATGTTTAGAGGG,GGG,Probe_2_GGG,27878,Hflu_86_028NP
Hflu_86_028NP_ctg1,Probe_90,TTGGCACATAATCATCCTTCNGG,+,43419,43441,TTGGCACATAATCATCCTTCAGG,AGG,Probe_90_AGG,258,Hflu_86_028NP
Hflu_86_028NP_ctg1,Probe_87,CGACCCGCTTACTATATTAANGG,-,43677,43699,CGACCCGCTTACTATATTAAAGG,AGG,Probe_87_AGG,6015,Hflu_86_028NP
Hflu_86_028NP_ctg1,Probe_88,ATTTGCAATATCTATTGGAANGG,+,49692,49714,ATTTGCAATATCTATTGGAATGG,TGG,Probe_88_TGG,478,Hflu_86_028NP
Hflu_86_028NP_ctg1,Probe_89,CAAGTGAATAACTTAGGTTCNGG,-,50170,50192,CAAGTGAATAACTTAGGTTCTGG,TGG,Probe_89_TGG,17878,Hflu_86_028NP
Hflu_86_028NP_ctg1,Probe_168,ACATCAGCGAAGAAGTTTTCNGG,+,68048,68070,ACATCAGCGAAGAAGTTTTCTGG,TGG,Probe_168_TGG,339,Hflu_86_028NP
Hflu_86_028NP_ctg1,Probe_178,TATCGTCATATGCACGGTTTNGG,-,68387,68409,TATCGTCATATGCACGGTTTCGG,CGG,Probe_178_CGG,18142,Hflu_86_028NP
Hflu_86_028NP_ctg1,Probe_166,CACTTTTAGATAAAAATATANGG,+,86529,86551,CACTTTTAGATAAAAATATAGGG,GGG,Probe_166_GGG,211,Hflu_86_028NP
Hflu_86_028NP_ctg1,Probe_167,GGCGTAGATTTCGTTATCCCNGG,-,86740,86762,GGCGTAGATTTCGTTATCCCTGG,TGG,Probe_167_TGG,19029,Hflu_86_028NP
Hflu_86_028NP_ctg1,Probe_173,ATATCGCTTTCCATACTGTCNGG,+,105769,105791,ATATCGCTTTCCATACTGTCTGG,TGG,Probe_173_TGG,291,Hflu_86_028NP
Hflu_86_028NP_ctg1,Probe_169,ACGGCTGCGGGGAACGATAANGG,-,106060,106082,ACGGCTGCGGGGAACGATAATGG,TGG,Probe_169_TGG,25025,Hflu_86_028NP
Hflu_86_028NP_ctg1,Probe_176,TCATCAAATAAGAAGAATTCNGG,+,131085,131107,TCATCAAATAAGAAGAATTCAGG,AGG,Probe_176_AGG,258,Hflu_86_028NP
Hflu_86_028NP_ctg1,Probe_177,GAAGACGGCAAGATGTTTGANGG,-,131343,131365,GAAGACGGCAAGATGTTTGATGG,TGG,Probe_177_TGG,23839,Hflu_86_028NP
Hflu_86_028NP_ctg1,Probe_174,TGTTTAAATTTCACATCTTTNGG,+,155182,155204,TGTTTAAATTTCACATCTTTTGG,TGG,Probe_174_TGG,213,Hflu_86_028NP
Hflu_86_028NP_ctg1,Probe_170,AAAAAAGTATTACTTGCGTTNGG,-,155395,155417,AAAAAAGTATTACTTGCGTTAGG,AGG,Probe_170_AGG,21461,Hflu_86_028NP
Hflu_86_028NP_ctg1,Probe_175,TTATTTTGTGACAAAGATCANGG,+,176856,176878,TTATTTTGTGACAAAGATCACGG,CGG,Probe_175_CGG,226,Hflu_86_028NP
Hflu_86_028NP_ctg1,Probe_165,TAACAAGTTGGATCATAACTNGG,-,177082,177104,TAACAAGTTGGATCATAACTTGG,TGG,Probe_165_TGG,21392,Hflu_86_028NP
Hflu_86_028NP_ctg1,Probe_172,GAATGTTAATGCCTGCAATANGG,+,198474,198496,GAATGTTAATGCCTGCAATACGG,CGG,Probe_172_CGG,508,Hflu_86_028NP
Hflu_86_028NP_ctg1,Probe_171,ACTCGTCTTACATTAATTGGNGG,-,198982,199004,ACTCGTCTTACATTAATTGGCGG,CGG,Probe_171_CGG,24842,Hflu_86_028NP
Hflu_86_028NP_ctg1,Probe_32,CTCTACCGACTGAGCTATCGNGG,+,223824,223846,CTCTACCGACTGAGCTATCGAGG,AGG,Probe_32_AGG,396,Hflu_86_028NP
Hflu_86_028NP_ctg1,Probe_29,TTTTGATAATGATAAGGATANGG,-,224220,224242,TTTTGATAATGATAAGGATACGG,CGG,Probe_29_CGG,25508,Hflu_86_028NP
Hflu_86_028NP_ctg1,Probe_118,CATGCGAAAGATGAAGCAATNGG,+,249728,249750,CATGCGAAAGATGAAGCAATGGG,GGG,Probe_118_GGG,230,Hflu_86_028NP
Hflu_86_028NP_ctg1,Probe_117,CCACAGTGCTAATTTGTCCANGG,-,249958,249980,CCACAGTGCTAATTTGTCCACGG,CGG,Probe_117_CGG,17210,Hflu_86_028NP
Hflu_86_028NP_ctg1,Probe_22,CTTGAAATTATTCTTGAACCNGG,+,267168,267190,CTTGAAATTATTCTTGAACCCGG,CGG,Probe_22_CGG,436,Hflu_86_028NP
Hflu_86_028NP_ctg1,Probe_20,TTAAGATAAGAAATATTAAANGG,-,267604,267626,TTAAGATAAGAAATATTAAATGG,TGG,Probe_20_TGG,42117,Hflu_86_028NP
Hflu_86_028NP_ctg1,Probe_21,GTTAGAAAAAAACGAAATTCNGG,+,309721,309743,GTTAGAAAAAAACGAAATTCGGG,GGG,Probe_21_GGG,304,Hflu_86_028NP
Hflu_86_028NP_ctg1,Probe_19,TTTGCCTAAAATTTCAGAAGNGG,-,310025,310047,TTTGCCTAAAATTTCAGAAGTGG,TGG,Probe_19_TGG,19076,Hflu_86_028NP
Hflu_86_028NP_ctg1,Probe_120,ATCAGATTGTCTTGGCGTTCNGG,+,329101,329123,ATCAGATTGTCTTGGCGTTCAGG,AGG,Probe_120_AGG,405,Hflu_86_028NP
Hflu_86_028NP_ctg1,Probe_119,TCTTTATTCAGTTTCAAAGCNGG,-,329506,329528,TCTTTATTCAGTTTCAAAGCAGG,AGG,Probe_119_AGG,31312,Hflu_86_028NP
Hflu_86_028NP_ctg1,Probe_74,CTATGCGTATCATTTTTGATNGG,+,360818,360840,CTATGCGTATCATTTTTGATCGG,CGG,Probe_74_CGG,234,Hflu_86_028NP
Hflu_86_028NP_ctg1,Probe_75,GTTAAATGAAAAGCACCTTTNGG,-,361052,361074,GTTAAATGAAAAGCACCTTTAGG,AGG,Probe_75_AGG,7707,Hflu_86_028NP
Hflu_86_028NP_ctg1,Probe_76,AATGATTTCCTTTTAAATATNGG,+,368759,368781,AATGATTTCCTTTTAAATATGGG,GGG,Probe_76_GGG,506,Hflu_86_028NP
Hflu_86_028NP_ctg1,Probe_73,AATTTTTCCATATACATATCNGG,-,369265,369287,AATTTTTCCATATACATATCAGG,AGG,Probe_73_AGG,16443,Hflu_86_028NP
Hflu_86_028NP_ctg1,Probe_79,TTACATATTGTTGGGCTAATNGG,+,385708,385730,TTACATATTGTTGGGCTAATTGG,TGG,Probe_79_TGG,229,Hflu_86_028NP
Hflu_86_028NP_ctg1,Probe_78,TCGGCTAGTATAGCAAAAAANGG,-,385937,385959,TCGGCTAGTATAGCAAAAAAAGG,AGG,Probe_78_AGG,12097,Hflu_86_028NP
Hflu_86_028NP_ctg1,Probe_80,TCTTGAAGATTTAATGCCATNGG,+,398034,398056,TCTTGAAGATTTAATGCCATTGG,TGG,Probe_80_TGG,430,Hflu_86_028NP
Hflu_86_028NP_ctg1,Probe_77,AAATTAAAAGAATTAACGCGNGG,-,398464,398486,AAATTAAAAGAATTAACGCGAGG,AGG,Probe_77_AGG,9172,Hflu_86_028NP
Hflu_86_028NP_ctg1,Probe_136,TCTGAACCGAACTTCGGATCNGG,+,407636,407658,TCTGAACCGAACTTCGGATCTGG,TGG,Probe_136_TGG,240,Hflu_86_028NP
Hflu_86_028NP_ctg1,Probe_135,AAACAAGGTCGTTCTAAATANGG,-,407876,407898,AAACAAGGTCGTTCTAAATACGG,CGG,Probe_135_CGG,20177,Hflu_86_028NP
Hflu_86_028NP_ctg1,Probe_26,TGCCTTCTCCATAGAGAATTNGG,+,428053,428075,TGCCTTCTCCATAGAGAATTTGG,TGG,Probe_26_TGG,263,Hflu_86_028NP
Hflu_86_028NP_ctg1,Probe_24,CAAGCTTTGCGTAAACTCACNGG,-,428316,428338,CAAGCTTTGCGTAAACTCACAGG,AGG,Probe_24_AGG,8808,Hflu_86_028NP
Hflu_86_028NP_ctg1,Probe_23,ATTATTACTATTGATGTTGANGG,+,437124,437146,ATTATTACTATTGATGTTGAAGG,AGG,Probe_23_AGG,472,Hflu_86_028NP
Hflu_86_028NP_ctg1,Probe_25,AAATGCTGTGCAGCAAAATCNGG,-,437596,437618,AAATGCTGTGCAGCAAAATCTGG,TGG,Probe_25_TGG,28911,Hflu_86_028NP
Hflu_86_028NP_ctg1,Probe_137,TCAGCTAAAGCAGAACGTTTNGG,+,466507,466529,TCAGCTAAAGCAGAACGTTTCGG,CGG,Probe_137_CGG,245,Hflu_86_028NP
Hflu_86_028NP_ctg1,Probe_138,CCTATTCTAAAATAAATTTANGG,-,466752,466774,CCTATTCTAAAATAAATTTAAGG,AGG,Probe_138_AGG,22774,Hflu_86_028NP
Hflu_86_028NP_ctg1,Probe_141,ACTTTACGGATTTTATCTTCNGG,+,489526,489548,ACTTTACGGATTTTATCTTCTGG,TGG,Probe_141_TGG,266,Hflu_86_028NP
Hflu_86_028NP_ctg1,Probe_140,TCTTAGATTTAATTCAAGAANGG,-,489792,489814,TCTTAGATTTAATTCAAGAAGGG,GGG,Probe_140_GGG,22359,Hflu_86_028NP
Hflu_86_028NP_ctg1,Probe_143,ATGAAAGAAATCCGCTCACTNGG,+,512151,512173,ATGAAAGAAATCCGCTCACTTGG,TGG,Probe_143_TGG,397,Hflu_86_028NP
Hflu_86_028NP_ctg1,Probe_144,CACGTTCAGGTTTGAACGTANGG,-,512548,512570,CACGTTCAGGTTTGAACGTACGG,CGG,Probe_144_CGG,19108,Hflu_86_028NP
Hflu_86_028NP_ctg1,Probe_139,CTTTTTGTTTAAGTTCTTCANGG,+,531656,531678,CTTTTTGTTTAAGTTCTTCAGGG,GGG,Probe_139_GGG,417,Hflu_86_028NP
Hflu_86_028NP_ctg1,Probe_142,TTCCATTATTCGTGATTTAANGG,-,532073,532095,TTCCATTATTCGTGATTTAACGG,CGG,Probe_142_CGG,41394,Hflu_86_028NP
Hflu_86_028NP_ctg1,Probe_30,ATTTTCGCCGTAGTTGAAGCNGG,+,573467,573489,ATTTTCGCCGTAGTTGAAGCAGG,AGG,Probe_30_AGG,330,Hflu_86_028NP
Hflu_86_028NP_ctg1,Probe_31,TCGTAAAGAGAAAGCGTATCNGG,-,573797,573819,TCGTAAAGAGAAAGCGTATCAGG,AGG,Probe_31_AGG,44018,Hflu_86_028NP
Hflu_86_028NP_ctg1,Probe_121,TAGGATTATTACGGAATGTANGG,+,617815,617837,TAGGATTATTACGGAATGTACGG,CGG,Probe_121_CGG,490,Hflu_86_028NP
Hflu_86_028NP_ctg1,Probe_122,GCAAATGGTTTTCACTGGTTNGG,-,618305,618327,GCAAATGGTTTTCACTGGTTGGG,GGG,Probe_122_GGG,21452,Hflu_86_028NP
Hflu_86_028NP_ctg1,Probe_39,GCATCTGTTAGCCCTTATATNGG,+,639757,639779,GCATCTGTTAGCCCTTATATTGG,TGG,Probe_39_TGG,454,Hflu_86_028NP
Hflu_86_028NP_ctg1,Probe_40,TGAACGCTTTGACTAATAATNGG,-,640211,640233,TGAACGCTTTGACTAATAATAGG,AGG,Probe_40_AGG,7097,Hflu_86_028NP
Hflu_86_028NP_ctg1,Probe_37,CCAAATGTAAAAGAATCTTGNGG,+,647308,647330,CCAAATGTAAAAGAATCTTGTGG,TGG,Probe_37_TGG,454,Hflu_86_028NP
Hflu_86_028NP_ctg1,Probe_38,TTTCAAACTCTCAAAAAGTGNGG,-,647762,647784,TTTCAAACTCTCAAAAAGTGCGG,CGG,Probe_38_CGG,21950,Hflu_86_028NP
Hflu_86_028NP_ctg1,Probe_133,TCCGTGCTGCAATCAAAGCGNGG,+,669712,669734,TCCGTGCTGCAATCAAAGCGGGG,GGG,Probe_133_GGG,230,Hflu_86_028NP
Hflu_86_028NP_ctg1,Probe_131,CGTTCAACAATCACTTCGTCNGG,-,669942,669964,CGTTCAACAATCACTTCGTCTGG,TGG,Probe_131_TGG,19657,Hflu_86_028NP
Hflu_86_028NP_ctg1,Probe_132,TTGGCATTTTTTTCTTCTAANGG,+,689599,689621,TTGGCATTTTTTTCTTCTAAGGG,GGG,Probe_132_GGG,251,Hflu_86_028NP
Hflu_86_028NP_ctg1,Probe_134,TCATTAGAGAAGAACAAAATNGG,-,689850,689872,TCATTAGAGAAGAACAAAATTGG,TGG,Probe_134_TGG,24227,Hflu_86_028NP
Hflu_86_028NP_ctg1,Probe_127,AAAGTTGTTTCAATAAATTGNGG,+,714077,714099,AAAGTTGTTTCAATAAATTGCGG,CGG,Probe_127_CGG,231,Hflu_86_028NP
Hflu_86_028NP_ctg1,Probe_128,ATTTGTTATGAAATTATTTTNGG,-,714308,714330,ATTTGTTATGAAATTATTTTCGG,CGG,Probe_128_CGG,18894,Hflu_86_028NP
Hflu_86_028NP_ctg1,Probe_66,AAACGCAATCTCAAGCCAATNGG,+,733202,733224,AAACGCAATCTCAAGCCAATTGG,TGG,Probe_66_TGG,248,Hflu_86_028NP
Hflu_86_028NP_ctg1,Probe_68,ATCATTTTGGCTTGTTGCTGNGG,-,733450,733472,ATCATTTTGGCTTGTTGCTGTGG,TGG,Probe_68_TGG,14523,Hflu_86_028NP
Hflu_86_028NP_ctg1,Probe_67,AACTTTTATCTTCCAAATAANGG,+,747973,747995,AACTTTTATCTTCCAAATAAAGG,AGG,Probe_67_AGG,320,Hflu_86_028NP
Hflu_86_028NP_ctg1,Probe_65,AAACGTTTTAACCCTGAAGTNGG,-,748293,748315,AAACGTTTTAACCCTGAAGTTGG,TGG,Probe_65_TGG,18632,Hflu_86_028NP
Hflu_86_028NP_ctg1,Probe_27,ACTTTCTATCAAATCGGTCANGG,+,766925,766947,ACTTTCTATCAAATCGGTCACGG,CGG,Probe_27_CGG,233,Hflu_86_028NP
Hflu_86_028NP_ctg1,Probe_28,CCAACATAATATCAATGAAANGG,-,767158,767180,CCAACATAATATCAATGAAAGGG,GGG,Probe_28_GGG,22337,Hflu_86_028NP
Hflu_86_028NP_ctg1,Probe_91,CTTGTTTTAATGCACGAAGTNGG,+,789495,789517,CTTGTTTTAATGCACGAAGTTGG,TGG,Probe_91_TGG,299,Hflu_86_028NP
Hflu_86_028NP_ctg1,Probe_92,TTAAAAGCTGTTTCTGACTTNGG,-,789794,789816,TTAAAAGCTGTTTCTGACTTAGG,AGG,Probe_92_AGG,6674,Hflu_86_028NP
Hflu_86_028NP_ctg1,Probe_60,CTTGCTATTATTGATGACCTNGG,+,796468,796490,CTTGCTATTATTGATGACCTCGG,CGG,Probe_60_CGG,384,Hflu_86_028NP
Hflu_86_028NP_ctg1,Probe_59,CTTGCTATAGCCAATAATAANGG,-,796852,796874,CTTGCTATAGCCAATAATAATGG,TGG,Probe_59_TGG,13120,Hflu_86_028NP
Hflu_86_028NP_ctg1,Probe_61,TCGTCTTGATCTTTCTAGCTNGG,+,809972,809994,TCGTCTTGATCTTTCTAGCTCGG,CGG,Probe_61_CGG,343,Hflu_86_028NP
Hflu_86_028NP_ctg1,Probe_62,TAAATATCGTTTAATAAGGCNGG,-,810315,810337,TAAATATCGTTTAATAAGGCGGG,GGG,Probe_62_GGG,18223,Hflu_86_028NP
Hflu_86_028NP_ctg1,Probe_46,GGTTTTAAAGATTGTTTTTTNGG,+,828538,828560,GGTTTTAAAGATTGTTTTTTCGG,CGG,Probe_46_CGG,331,Hflu_86_028NP
Hflu_86_028NP_ctg1,Probe_45,GGTTATGGAAACTGGCTTCANGG,-,828869,828891,GGTTATGGAAACTGGCTTCATGG,TGG,Probe_45_TGG,26020,Hflu_86_028NP
Hflu_86_028NP_ctg1,Probe_82,GCCACCGAAAATAATAAGTGNGG,+,854889,854911,GCCACCGAAAATAATAAGTGCGG,CGG,Probe_82_CGG,283,Hflu_86_028NP
Hflu_86_028NP_ctg1,Probe_81,ATGTGGGTAACGGCATTTATNGG,-,855172,855194,ATGTGGGTAACGGCATTTATTGG,TGG,Probe_81_TGG,31870,Hflu_86_028NP
Hflu_86_028NP_ctg1,Probe_126,GTTTCAGCGGTGCGAAGTCCNGG,+,887042,887064,GTTTCAGCGGTGCGAAGTCCAGG,AGG,Probe_126_AGG,279,Hflu_86_028NP
Hflu_86_028NP_ctg1,Probe_125,GATAAAGTTTATATTTTAGGNGG,-,887321,887343,GATAAAGTTTATATTTTAGGCGG,CGG,Probe_125_CGG,19933,Hflu_86_028NP
Hflu_86_028NP_ctg1,Probe_36,TCAAATGTTTTTTCTAAAGTNGG,+,907254,907276,TCAAATGTTTTTTCTAAAGTTGG,TGG,Probe_36_TGG,439,Hflu_86_028NP
Hflu_86_028NP_ctg1,Probe_33,CCATCTTCATCTAAAGTTTGNGG,-,907693,907715,CCATCTTCATCTAAAGTTTGTGG,TGG,Probe_33_TGG,5813,Hflu_86_028NP
Hflu_86_028NP_ctg1,Probe_34,ATGCCTTTGCATTTTGATATNGG,+,913506,913528,ATGCCTTTGCATTTTGATATTGG,TGG,Probe_34_TGG,395,Hflu_86_028NP
Hflu_86_028NP_ctg1,Probe_35,TACGTTTTCCACGATGCTTANGG,-,913901,913923,TACGTTTTCCACGATGCTTATGG,TGG,Probe_35_TGG,20744,Hflu_86_028NP
Hflu_86_028NP_ctg1,Probe_113,TTACGTAATATCACAGGAAANGG,+,934645,934667,TTACGTAATATCACAGGAAAAGG,AGG,Probe_113_AGG,387,Hflu_86_028NP
Hflu_86_028NP_ctg1,Probe_114,TCAAGTTGCTTAATCGCAGCNGG,-,935032,935054,TCAAGTTGCTTAATCGCAGCAGG,AGG,Probe_114_AGG,27169,Hflu_86_028NP
Hflu_86_028NP_ctg1,Probe_15,AGTCGTGGATATGTTTTTAGNGG,+,962201,962223,AGTCGTGGATATGTTTTTAGTGG,TGG,Probe_15_TGG,253,Hflu_86_028NP
Hflu_86_028NP_ctg1,Probe_16,GAAGTACAATCTACAAATACNGG,-,962454,962476,GAAGTACAATCTACAAATACTGG,TGG,Probe_16_TGG,62540,Hflu_86_028NP
Hflu_86_028NP_ctg1,Probe_14,TTAAAAAAAGCCCTTATATANGG,+,1024994,1025016,TTAAAAAAAGCCCTTATATAGGG,GGG,Probe_14_GGG,275,Hflu_86_028NP
Hflu_86_028NP_ctg1,Probe_13,TTTTAATCAATAATAATGTTNGG,-,1025269,1025291,TTTTAATCAATAATAATGTTGGG,GGG,Probe_13_GGG,10014,Hflu_86_028NP
Hflu_86_028NP_ctg1,Probe_63,GGTTAAAATCATTTTGATTANGG,+,1035283,1035305,GGTTAAAATCATTTTGATTATGG,TGG,Probe_63_TGG,240,Hflu_86_028NP
Hflu_86_028NP_ctg1,Probe_64,ACATAAACCTAAAGCATCAANGG,-,1035523,1035545,ACATAAACCTAAAGCATCAATGG,TGG,Probe_64_TGG,31800,Hflu_86_028NP
Hflu_86_028NP_ctg1,Probe_69,AATTCTGATGGCGGAGGAATNGG,+,1067323,1067345,AATTCTGATGGCGGAGGAATAGG,AGG,Probe_69_AGG,474,Hflu_86_028NP
Hflu_86_028NP_ctg1,Probe_71,AGGGCGATCAGCTAATTTATNGG,-,1067797,1067819,AGGGCGATCAGCTAATTTATTGG,TGG,Probe_71_TGG,7779,Hflu_86_028NP
Hflu_86_028NP_ctg1,Probe_70,AATAACGATAGTTTGCGTTTNGG,+,1075576,1075598,AATAACGATAGTTTGCGTTTAGG,AGG,Probe_70_AGG,370,Hflu_86_028NP
Hflu_86_028NP_ctg1,Probe_72,AGCAACGTTTCGTCATCAACNGG,-,1075946,1075968,AGCAACGTTTCGTCATCAACTGG,TGG,Probe_72_TGG,29061,Hflu_86_028NP
Hflu_86_028NP_ctg1,Probe_129,TTTCAATACATCTTTCCATANGG,+,1105007,1105029,TTTCAATACATCTTTCCATAAGG,AGG,Probe_129_AGG,364,Hflu_86_028NP
Hflu_86_028NP_ctg1,Probe_130,TCCGATAAATGTATTGGTTGNGG,-,1105371,1105393,TCCGATAAATGTATTGGTTGTGG,TGG,Probe_130_TGG,24548,Hflu_86_028NP
Hflu_86_028NP_ctg1,Probe_94,CTTATATTTGCATATTTATTNGG,+,1129919,1129941,CTTATATTTGCATATTTATTGGG,GGG,Probe_94_GGG,381,Hflu_86_028NP
Hflu_86_028NP_ctg1,Probe_93,TGTGGAATGGGGCGATTAACNGG,-,1130300,1130322,TGTGGAATGGGGCGATTAACAGG,AGG,Probe_93_AGG,8655,Hflu_86_028NP
Hflu_86_028NP_ctg1,Probe_103,ACGCCTTTTGAATATGTAGCNGG,+,1138955,1138977,ACGCCTTTTGAATATGTAGCAGG,AGG,Probe_103_AGG,255,Hflu_86_028NP
Hflu_86_028NP_ctg1,Probe_104,AAAATTAATGCCAATGCAATNGG,-,1139210,1139232,AAAATTAATGCCAATGCAATCGG,CGG,Probe_104_CGG,29737,Hflu_86_028NP
Hflu_86_028NP_ctg1,Probe_18,AATTCAGTGAAACAGATTTANGG,+,1168947,1168969,AATTCAGTGAAACAGATTTAGGG,GGG,Probe_18_GGG,470,Hflu_86_028NP
Hflu_86_028NP_ctg1,Probe_17,GATGTCATAAAATAAAGAATNGG,-,1169417,1169439,GATGTCATAAAATAAAGAATAGG,AGG,Probe_17_AGG,13735,Hflu_86_028NP
Hflu_86_028NP_ctg1,Probe_95,GCAAACCAATAAAGTTGTTGNGG,+,1183152,1183174,GCAAACCAATAAAGTTGTTGTGG,TGG,Probe_95_TGG,276,Hflu_86_028NP
Hflu_86_028NP_ctg1,Probe_96,GGAAATAAAATCGCTGAAAANGG,-,1183428,1183450,GGAAATAAAATCGCTGAAAAAGG,AGG,Probe_96_AGG,31644,Hflu_86_028NP
Hflu_86_028NP_ctg1,Probe_150,CTTCAAATATCATAATAAAGNGG,+,1215072,1215094,CTTCAAATATCATAATAAAGAGG,AGG,Probe_150_AGG,358,Hflu_86_028NP
Hflu_86_028NP_ctg1,Probe_147,TTCCAACGATAATAATTGAGNGG,-,1215430,1215452,TTCCAACGATAATAATTGAGAGG,AGG,Probe_147_AGG,21700,Hflu_86_028NP
Hflu_86_028NP_ctg1,Probe_149,GATGTCCAGCCTTATTTGTTNGG,+,1237130,1237152,GATGTCCAGCCTTATTTGTTAGG,AGG,Probe_149_AGG,268,Hflu_86_028NP
Hflu_86_028NP_ctg1,Probe_148,TTCGGATTTCTTCCCAAACGNGG,-,1237398,1237420,TTCGGATTTCTTCCCAAACGTGG,TGG,Probe_148_TGG,21633,Hflu_86_028NP
Hflu_86_028NP_ctg1,Probe_152,TAATGCGTAATAAGTCAGCGNGG,+,1259031,1259053,TAATGCGTAATAAGTCAGCGTGG,TGG,Probe_152_TGG,299,Hflu_86_028NP
Hflu_86_028NP_ctg1,Probe_146,GCACCCAGAATATTTTTTAANGG,-,1259330,1259352,GCACCCAGAATATTTTTTAATGG,TGG,Probe_146_TGG,17405,Hflu_86_028NP
Hflu_86_028NP_ctg1,Probe_145,GGTTTTGTTTTGGTGCATTTNGG,+,1276735,1276757,GGTTTTGTTTTGGTGCATTTAGG,AGG,Probe_145_AGG,426,Hflu_86_028NP
Hflu_86_028NP_ctg1,Probe_151,AAACCAGCCTTTTGGTTTTGNGG,-,1277161,1277183,AAACCAGCCTTTTGGTTTTGCGG,CGG,Probe_151_CGG,19539,Hflu_86_028NP
Hflu_86_028NP_ctg1,Probe_85,GGAATTTCAAAACCGAAATANGG,+,1296700,1296722,GGAATTTCAAAACCGAAATAAGG,AGG,Probe_85_AGG,378,Hflu_86_028NP
Hflu_86_028NP_ctg1,Probe_86,TACAATAAACTCAAAGCCAANGG,-,1297078,1297100,TACAATAAACTCAAAGCCAATGG,TGG,Probe_86_TGG,29070,Hflu_86_028NP
Hflu_86_028NP_ctg1,Probe_83,TTAGTGCTTCGATCCTCAAANGG,+,1326148,1326170,TTAGTGCTTCGATCCTCAAACGG,CGG,Probe_83_CGG,212,Hflu_86_028NP
Hflu_86_028NP_ctg1,Probe_84,GGGCTGATTCTGGATTCGACNGG,-,1326360,1326382,GGGCTGATTCTGGATTCGACGGG,GGG,Probe_84_GGG,20951,Hflu_86_028NP
Hflu_86_028NP_ctg1,Probe_9,ATGATTTAAAAATGTTTAATNGG,+,1347311,1347333,ATGATTTAAAAATGTTTAATTGG,TGG,Probe_9_TGG,398,Hflu_86_028NP
Hflu_86_028NP_ctg1,Probe_10,TCTGCGTTATAACGTAACAANGG,-,1347709,1347731,TCTGCGTTATAACGTAACAAAGG,AGG,Probe_10_AGG,5929,Hflu_86_028NP
Hflu_86_028NP_ctg1,Probe_110,TGTCCGCCAGAAAGTTGAGTNGG,+,1353638,1353660,TGTCCGCCAGAAAGTTGAGTTGG,TGG,Probe_110_TGG,460,Hflu_86_028NP
Hflu_86_028NP_ctg1,Probe_111,TCTACTCAGTACCAAATCATNGG,-,1354098,1354120,TCTACTCAGTACCAAATCATTGG,TGG,Probe_111_TGG,7252,Hflu_86_028NP
Hflu_86_028NP_ctg1,Probe_105,ACCACCATTGATATTAATACNGG,+,1361350,1361372,ACCACCATTGATATTAATACAGG,AGG,Probe_105_AGG,483,Hflu_86_028NP
Hflu_86_028NP_ctg1,Probe_107,CCAATAAACATTTCCACTTCNGG,-,1361833,1361855,CCAATAAACATTTCCACTTCTGG,TGG,Probe_107_TGG,15344,Hflu_86_028NP
Hflu_86_028NP_ctg1,Probe_108,TATTTCTCGTGCGCAAGCATNGG,+,1377177,1377199,TATTTCTCGTGCGCAAGCATTGG,TGG,Probe_108_TGG,232,Hflu_86_028NP
Hflu_86_028NP_ctg1,Probe_106,TGAACTTGCTCTTTCACTTCNGG,-,1377409,1377431,TGAACTTGCTCTTTCACTTCAGG,AGG,Probe_106_AGG,16988,Hflu_86_028NP
Hflu_86_028NP_ctg1,Probe_98,CGTATTCAAGATTGTGTGATNGG,+,1394397,1394419,CGTATTCAAGATTGTGTGATTGG,TGG,Probe_98_TGG,420,Hflu_86_028NP
Hflu_86_028NP_ctg1,Probe_97,AACACTAAACTCAAATCAATNGG,-,1394817,1394839,AACACTAAACTCAAATCAATCGG,CGG,Probe_97_CGG,18157,Hflu_86_028NP
Hflu_86_028NP_ctg1,Probe_8,TTTAATCTTGTTGGCGAAGANGG,+,1412974,1412996,TTTAATCTTGTTGGCGAAGATGG,TGG,Probe_8_TGG,352,Hflu_86_028NP
Hflu_86_028NP_ctg1,Probe_5,AATTAATTTTTCATGCTCATNGG,-,1413326,1413348,AATTAATTTTTCATGCTCATAGG,AGG,Probe_5_AGG,39633,Hflu_86_028NP
Hflu_86_028NP_ctg1,Probe_48,GAACCGACACGTTTATTCAANGG,+,1452959,1452981,GAACCGACACGTTTATTCAACGG,CGG,Probe_48_CGG,448,Hflu_86_028NP
Hflu_86_028NP_ctg1,Probe_47,TCTTGTTCATTTAAGGTAAANGG,-,1453407,1453429,TCTTGTTCATTTAAGGTAAAAGG,AGG,Probe_47_AGG,28484,Hflu_86_028NP
Hflu_86_028NP_ctg1,Probe_58,ATTTTATAAATAAAAAAGTGNGG,+,1481891,1481913,ATTTTATAAATAAAAAAGTGCGG,CGG,Probe_58_CGG,351,Hflu_86_028NP
Hflu_86_028NP_ctg1,Probe_57,GAAGTTGAACCATTAAATGCNGG,-,1482242,1482264,GAAGTTGAACCATTAAATGCAGG,AGG,Probe_57_AGG,21853,Hflu_86_028NP
Hflu_86_028NP_ctg1,Probe_112,CAAAATTCTTATTTTTTCTTNGG,+,1504095,1504117,CAAAATTCTTATTTTTTCTTCGG,CGG,Probe_112_CGG,412,Hflu_86_028NP
Hflu_86_028NP_ctg1,Probe_109,TATTCAACAAGCCCTAGAAANGG,-,1504507,1504529,TATTCAACAAGCCCTAGAAATGG,TGG,Probe_109_TGG,18551,Hflu_86_028NP
Hflu_86_028NP_ctg1,Probe_100,GTACGCCATTGATATATTTANGG,+,1523058,1523080,GTACGCCATTGATATATTTATGG,TGG,Probe_100_TGG,258,Hflu_86_028NP
Hflu_86_028NP_ctg1,Probe_99,CTTTGTGTTAGATCAAGATANGG,-,1523316,1523338,CTTTGTGTTAGATCAAGATATGG,TGG,Probe_99_TGG,6017,Hflu_86_028NP
Hflu_86_028NP_ctg1,Probe_56,CGTTCAAAATCAGTTCCCTTNGG,+,1529333,1529355,CGTTCAAAATCAGTTCCCTTTGG,TGG,Probe_56_TGG,474,Hflu_86_028NP
Hflu_86_028NP_ctg1,Probe_55,ATGCTTGATCGTTATTGGTTNGG,-,1529807,1529829,ATGCTTGATCGTTATTGGTTCGG,CGG,Probe_55_CGG,19336,Hflu_86_028NP
Hflu_86_028NP_ctg1,Probe_54,ACTAAACCGAATACACCAAANGG,+,1549143,1549165,ACTAAACCGAATACACCAAATGG,TGG,Probe_54_TGG,459,Hflu_86_028NP
Hflu_86_028NP_ctg1,Probe_53,GCTGAAAAAGTTGGCGTATTNGG,-,1549602,1549624,GCTGAAAAAGTTGGCGTATTAGG,AGG,Probe_53_AGG,8716,Hflu_86_028NP
Hflu_86_028NP_ctg1,Probe_11,TCAGAAGAAACTGAAGAATANGG,+,1558318,1558340,TCAGAAGAAACTGAAGAATAAGG,AGG,Probe_11_AGG,476,Hflu_86_028NP
Hflu_86_028NP_ctg1,Probe_12,AGAATGGAAAAAAATATGATNGG,-,1558794,1558816,AGAATGGAAAAAAATATGATGGG,GGG,Probe_12_GGG,62009,Hflu_86_028NP
Hflu_86_028NP_ctg1,Probe_6,TGACCCCCACCATGTCAAGGNGG,+,1620803,1620825,TGACCCCCACCATGTCAAGGTGG,TGG,Probe_6_TGG,336,Hflu_86_028NP
Hflu_86_028NP_ctg1,Probe_7,TTTTTTCAAGATTGTTATCANGG,-,1621139,1621161,TTTTTTCAAGATTGTTATCACGG,CGG,Probe_7_CGG,22855,Hflu_86_028NP
Hflu_86_028NP_ctg1,Probe_115,CACGCTTACCATTTTGCATTNGG,+,1643994,1644016,CACGCTTACCATTTTGCATTGGG,GGG,Probe_115_GGG,338,Hflu_86_028NP
Hflu_86_028NP_ctg1,Probe_116,CGTGGAGATATGCTTTATTCNGG,-,1644332,1644354,CGTGGAGATATGCTTTATTCTGG,TGG,Probe_116_TGG,27732,Hflu_86_028NP
Hflu_86_028NP_ctg1,Probe_156,CGATTAAATCCGCTTCTGAANGG,+,1672064,1672086,CGATTAAATCCGCTTCTGAAAGG,AGG,Probe_156_AGG,376,Hflu_86_028NP
Hflu_86_028NP_ctg1,Probe_153,TCGCTTATTAAAAGAAGCAANGG,-,1672440,1672462,TCGCTTATTAAAAGAAGCAATGG,TGG,Probe_153_TGG,17466,Hflu_86_028NP
Hflu_86_028NP_ctg1,Probe_155,TAATTTAACCGAATAAAAGGNGG,+,1689906,1689928,TAATTTAACCGAATAAAAGGCGG,CGG,Probe_155_CGG,214,Hflu_86_028NP
Hflu_86_028NP_ctg1,Probe_154,CCAATTAAGCAAGTTACGTTNGG,-,1690120,1690142,CCAATTAAGCAAGTTACGTTTGG,TGG,Probe_154_TGG,29098,Hflu_86_028NP
Hflu_86_028NP_ctg1,Probe_157,AAATCTGAACGATCCATACCNGG,+,1719218,1719240,AAATCTGAACGATCCATACCAGG,AGG,Probe_157_AGG,249,Hflu_86_028NP
Hflu_86_028NP_ctg1,Probe_158,TTTATGAAAGTTGCTGTATTNGG,-,1719467,1719489,TTTATGAAAGTTGCTGTATTAGG,AGG,Probe_158_AGG,15765,Hflu_86_028NP
Hflu_86_028NP_ctg1,Probe_160,ATAAATGTATGGCTAAATAANGG,+,1735232,1735254,ATAAATGTATGGCTAAATAACGG,CGG,Probe_160_CGG,298,Hflu_86_028NP
Hflu_86_028NP_ctg1,Probe_161,TCAGCTTTATCCGCAAATTGNGG,-,1735530,1735552,TCAGCTTTATCCGCAAATTGAGG,AGG,Probe_161_AGG,17472,Hflu_86_028NP
Hflu_86_028NP_ctg1,Probe_159,CACCAATCGCATAAGAAAGTNGG,+,1753002,1753024,CACCAATCGCATAAGAAAGTTGG,TGG,Probe_159_TGG,374,Hflu_86_028NP
Hflu_86_028NP_ctg1,Probe_164,TATGAAGATAATAAAATTGTNGG,-,1753376,1753398,TATGAAGATAATAAAATTGTTGG,TGG,Probe_164_TGG,31255,Hflu_86_028NP
Hflu_86_028NP_ctg1,Probe_162,TTTTCTGGCACATCAATTTGNGG,+,1784631,1784653,TTTTCTGGCACATCAATTTGCGG,CGG,Probe_162_CGG,338,Hflu_86_028NP
Hflu_86_028NP_ctg1,Probe_163,GGCCAAATCGTTTAAGTATTNGG,-,1784969,1784991,GGCCAAATCGTTTAAGTATTTGG,TGG,Probe_163_TGG,24152,Hflu_86_028NP
Hflu_86_028NP_ctg1,Probe_49,GTTTCAACCATTAAATAGGCNGG,+,1809121,1809143,GTTTCAACCATTAAATAGGCAGG,AGG,Probe_49_AGG,397,Hflu_86_028NP
Hflu_86_028NP_ctg1,Probe_50,CGATATTTTTAATACGCACTNGG,-,1809518,1809540,CGATATTTTTAATACGCACTTGG,TGG,Probe_50_TGG,14752,Hflu_86_028NP
Hflu_86_028NP_ctg1,Probe_52,ATAGATAAATCTAAATTTTTNGG,+,1824270,1824292,ATAGATAAATCTAAATTTTTGGG,GGG,Probe_52_GGG,252,Hflu_86_028NP
Hflu_86_028NP_ctg1,Probe_51,CAAATTCATCGAGAAACAACNGG,-,1824522,1824544,CAAATTCATCGAGAAACAACAGG,AGG,Probe_51_AGG,24235,Hflu_86_028NP
Hflu_86_028NP_ctg1,Probe_123,AACTAATGTTGTTTATACAANGG,+,1848757,1848779,AACTAATGTTGTTTATACAAAGG,AGG,Probe_123_AGG,255,Hflu_86_028NP
Hflu_86_028NP_ctg1,Probe_124,AAGACCAGTTAGTACCAAATNGG,-,1849012,1849034,AAGACCAGTTAGTACCAAATTGG,TGG,Probe_124_TGG,22867,Hflu_86_028NP
Hflu_86_028NP_ctg1,Probe_41,TGGTAAGCTTGTAACATTTTNGG,+,1871879,1871901,TGGTAAGCTTGTAACATTTTAGG,AGG,Probe_41_AGG,225,Hflu_86_028NP
Hflu_86_028NP_ctg1,Probe_42,TCCACGCACTTGTGCTAAATNGG,-,1872104,1872126,TCCACGCACTTGTGCTAAATGGG,GGG,Probe_42_GGG,7389,Hflu_86_028NP
Hflu_86_028NP_ctg1,Probe_44,AACTTGTGAATTAGCCTGTANGG,+,1879493,1879515,AACTTGTGAATTAGCCTGTAAGG,AGG,Probe_44_AGG,446,Hflu_86_028NP
Hflu_86_028NP_ctg1,Probe_43,CGGTGGTAGTGGTGCGATGGNGG,-,1879939,1879961,CGGTGGTAGTGGTGCGATGGAGG,AGG,Probe_43_AGG,13299,Hflu_86_028NP
Hflu_86_028NP_ctg1,Probe_102,ACCTTAACGAGTTGATTAATNGG,+,1893238,1893260,ACCTTAACGAGTTGATTAATCGG,CGG,Probe_102_CGG,265,Hflu_86_028NP
Hflu_86_028NP_ctg1,Probe_101,TGGTTTATTGCAAGACGGTANGG,-,1893503,1893525,TGGTTTATTGCAAGACGGTATGG,TGG,Probe_101_TGG,7566,Hflu_86_028NP
Hflu_86_028NP_ctg1,Probe_4,TACATTGCCTAATCCCATATNGG,+,1901069,1901091,TACATTGCCTAATCCCATATTGG,TGG,Probe_4_TGG,448,Hflu_86_028NP
Hflu_86_028NP_ctg1,Probe_3,AAAGATCCTATTTTAACAAANGG,-,1901517,1901539,AAAGATCCTATTTTAACAAATGG,TGG,Probe_3_TGG,-1898880,Hflu_86_028NP
