seqID,patternName,pattern,strand,start,end,matched,NGG,new_header,distance,StrainID,link_pair,node_pair
synthetic_ctg1,Probe_1,ATGCNNNNNNNGG,-,500,520,ATGCNNNNNNNGG,TGG,Probe_1_AGG,8138,synthetic,probe_1/probe_2_synthetic,probe1_probe2.synthetic
synthetic_ctg1,Probe_2,ATGCNNNNNNNGG,-,1000,1020,ATGCNNNNNNNGG,TGG,Probe_2_TGG,6862,synthetic,probe_2/probe_3_synthetic,probe2_probe3.synthetic
synthetic_ctg1,Probe_3,ATGCNNNNNNNGG,+,1500,1520,ATGCNNNNNNNGG,TGG,Probe_3_GGG,3178,synthetic,probe_3/probe_4_synthetic,probe3_probe4.synthetic
synthetic_ctg1,Probe_4,ATGCNNNNNNNGG,+,2000,2020,ATGCNNNNNNNGG,AGG,Probe_4_TGG,6250,synthetic,probe_4/probe_5_synthetic,probe4_probe5.synthetic
synthetic_ctg1,Probe_5,ATGCNNNNNNNGG,+,2500,2520,ATGCNNNNNNNGG,GGG,Probe_5_TGG,6118,synthetic,probe_5/probe_6_synthetic,probe5_probe6.synthetic
synthetic_ctg1,Probe_6,ATGCNNNNNNNGG,-,3000,3020,ATGCNNNNNNNGG,TGG,Probe_6_GGG,5556,synthetic,probe_6/probe_7_synthetic,probe6_probe7.synthetic
synthetic_ctg1,Probe_7,ATGCNNNNNNNGG,+,3500,3520,ATGCNNNNNNNGG,TGG,Probe_7_GGG,1527,synthetic,probe_7/probe_8_synthetic,probe7_probe8.synthetic
synthetic_ctg1,Probe_8,ATGCNNNNNNNGG,-,4000,4020,ATGCNNNNNNNGG,GGG,Probe_8_TGG,569,synthetic,probe_8/probe_9_synthetic,probe8_probe9.synthetic
synthetic_ctg1,Probe_9,ATGCNNNNNNNGG,+,4500,4520,ATGCNNNNNNNGG,TGG,Probe_9_TGG,9267,synthetic,probe_9/probe_10_synthetic,probe9_probe10.synthetic
synthetic_ctg1,Probe_10,ATGCNNNNNNNGG,-,5000,5020,ATGCNNNNNNNGG,GGG,Probe_10_AGG,8485,synthetic,,
